Year,Order Number,Date,Total Price,Product
2024,408-2652756-4522741,19-Dec-24,"₹ 4,545.00",Philips Cordless Epilator– All-Rounder for Face and Body Hair Removal (White)
2024,408-4122061-0998700,02-Dec-24,"₹ 8,999.00","Aquaguard Sure Delight NXT 6-Stage Water Purifier | RO+UV+UF Tech | Free Service Plan worth ₹2000 | India’s #1 Water Purifier | Suitable for Borewell, Tanker & Municipal Water"
2024,408-0433893-3521114,02-Dec-24,₹ 0.00,Kitchen Installation Service by Eureka Forbes
2024,408-6100760-7361151,28-Nov-24,₹ 147.00,"Ferrai Girl's Stretchable Belt Pack of 1 Black,Free Size"
2024,408-5313454-9553129,28-Nov-24,₹ 645.00,Harpic Limescale Remover 750ml
2024,408-7513632-7164316,08-Nov-24,₹ 469.00,"ITUSHA Air Fryer Silicone Liners-2 Pack Silicone Liners, 7.5 Inch Air Fryer Liners"
2024,408-1715892-9648333,02-Nov-24,"₹ 9,080.00","PHILIPS Digital Air Fryer HD9252/90 with Touch Panel, uses up to 90% less fat, 7 Pre-set Menu, 1400W, 4.1 Liter, with Rapid Air Technology (Black), Large"
2024,408-3604599-9692315,01-Nov-24,₹ 601.00,"VIP Bonus Classic Round Neck Premium Cotton Vest with Sleeves, 100% Combed Cotton, Antibacterial and Odour Control Vest for Men’s-36IN, Pack of 4 (White)"
2024,D01-0302675-0002247,Unknown Date,N/A,No Product Found
2024,171-9299908-8103562,27-Sep-24,"₹ 1,499.00",Amazon Prime (Yearly Membership)
2024,171-7775103-7910756,22-Sep-24,N/A,Prime Lite
2024,403-5336632-4441966,18-Sep-24,"₹ 2,399.00","JBL Newly Launched Wave Flex in-Ear Wireless Earbuds TWS with Mic,App for Custom Extra Bass EQ, 32Hrs Battery, Quick Charge, IP54 Water & Dust Proof, Ambient Aware, Talk-Thru,Google FastPair (Black)"
2024,406-4797620-7809132,16-Sep-24,"₹ 1,599.00","Amazon Brand - Solimo Wooden Ironing Board/Table with Iron Holder, Foldable & Adjustable (116 x 40cm)"
2024,403-6758863-7324319,06-Sep-24,₹ 499.00,"HASTHIP Plastic Artificial Rose Flowers Vine Garland, 1.8M Fake Artificial Flower Hanging Rose Ivy Flowers Garland Ornament For Door, Room, Garden, Wedding Decroation, Rose Red"
2024,406-7367911-8997964,30-Aug-24,₹ 269.00,KITSSENTIAL Toilet Active Oxygen Cleaner Agent | Cleaner Toilet Powder With Super Active Cleaning Liquid Agent | Can Effectively Remove Stubborn Dirt From Toilet Etc | With Liquid 250 + 100)
2024,406-4505541-8365954,26-Aug-24,₹ 500.00,VIP Men's Regular Fit Vest White L (Pack Of 5)
2024,403-5548973-3227535,22-Aug-24,₹ 699.00,"Destinio Umbrella for Women, Umbrella for Men - Automatic 3 Fold Windproof with Travel Cover with Auto Open and Close (21 Inch (Regular folding), Teal Blue (Auto open close, With UV Coating))"
2024,403-8969363-1888367,16-Aug-24,₹ 889.00,"Destinio Umbrella for Women -3 Fold, UV Coated, Auto Open Close- Printed Design Umberallas for Ladies, Girls and Men (Printed Pink)"
2024,403-5674216-0568332,08-Aug-24,₹ 521.00,How To Win Friends And Influence People (Dale Carnegie Books)
2024,403-6901519-5686732,08-Aug-24,₹ 409.00,"INN-VenTorE Moisture Proof Nylon Large Size Storage Bag | Under bed For Clothes & Blankets With Zipper Closure & Handle | Rectangular Shape Storage Bag (Black, Pack of 1)"
2024,408-8513353-5272341,15-Jul-24,₹ 339.00,Pikkme Mi Redmi Note 5 Pro Flip Cover | Genuine PU Leather Finish | Full 360 Protection | Wallet Style | Inbuilt Pockets & Stand | Strong Magnetic Flip Case for Mi Redmi Note 5 Pro (Grey)
2024,402-5462154-4573919,08-Jun-24,"₹ 2,610.00","Royal Canin Pellet Beagle Adult Dog Food, Meat Flavour, 3 KG,Pack of 1"
2024,402-3875277-9763501,08-Jun-24,₹ 895.00,"Girnar Food & Beverages Pvt. Ltd. Detox Green Tea (Desi Kahwa),250G (100 Tea Bags),250 Grams"
2024,402-0896925-9585107,08-Jun-24,₹ 458.00,Pawsitively Pet Care Dog's Sky Ec Anti-Tick Shampoo (200 ml) - Pack of 2
2024,406-2628683-6291561,02-Apr-24,"₹ 1,190.00","Victorinox Swiss Army Knife - Rally - 9 Functions, Multi-utility Tool - Red, 58 mm"
2024,402-7938233-8169948,16-Mar-24,₹ 389.00,"Water Bottle Aquasafe Fliptop Flip Top 310 Ml 1 Pc Multicolour, Plastic"
2024,402-0989713-9423568,03-Mar-24,"₹ 1,568.00","Philips 1200 Watts Hair Dryer (Bhc010/10, Black)"
2024,402-0534931-9821166,25-Feb-24,₹ 349.00,"Lizol 1800 ml - Citrus, Disinfectant Surface & Floor Cleaner Liquid Refill Pack | Suitable for All Floor Cleaner Mops | Kills 99.9% Germs| India's #1 Floor Cleaner"
2024,403-8494547-9373168,16-Jan-24,"₹ 19,999.00","Redmi Note 13 5G (Stealth Black, 8GB RAM, 256GB Storage) | MTK Dimensity 6080 5G | 7.6mm, Slimmest Note Ever"
2024,403-9990880-3627560,16-Jan-24,"₹ 14,999.00",Redmi 12 5G Jade Black 8GB RAM 256GB ROM
2024,407-5401349-4704350,13-Jan-24,"₹ 1,139.00",SKAFA Wooden Plant Stand for Balcony Living Room Indoor Outdoor (4 Tier)
2024,407-3782595-9693953,06-Jan-24,₹ 439.00,"KRAFT VILLA Wooden Plant Stand for Home Decor with 3 Decks, Brown, 12 inch, 1 Piece"
2023,402-1687179-9428324,27-Dec-23,₹ 499.00,In The Miso Soup
2023,407-5111620-9097169,23-Dec-23,₹ 257.00,Odonil Bathroom Air Freshener Combo : Zipper Mixed Fragrances - 30g(3x10g) + Block Mixed Fragrances - 192g(4x48g) | Long Lasting Fragrance
2023,407-5893872-2608337,09-Dec-23,₹ 989.00,Gorevizon Wooden Standard Adjustable Study Bed Laptop Multipurpose Table with Foldable Legs and Drawer (Brown)
2023,407-7001268-3921109,25-Nov-23,₹ 257.00,Odonil Bathroom Air Freshener Combo : Zipper Mixed Fragrances - 30g(3x10g) + Block Mixed Fragrances - 192g(4x48g) | Long Lasting Fragrance
2023,407-2981581-8459560,25-Nov-23,₹ 815.00,"Gauri International 100% Natural and Pure Aloe Vera Gel for Acne, Face Scars, Glowing Skin and Hair Care (Non toxic), 230ml"
2023,406-3338159-1354749,16-Nov-23,₹ 474.00,Amozo Designed for iPhone 14 Cover | Ultra Hybrid Camera Protection Back Cover Case for iPhone 14 (Polycarbonate|Transparent Back) (Black)
2023,407-8793450-6125951,06-Nov-23,₹ 805.00,"Girnar Food & Beverages Pvt. Ltd. Detox Green Tea (Desi Kahwa),250G (100 Tea Bags),250 Grams"
2023,407-2151196-3093947,26-Oct-23,₹ 356.00,"Bark Out Loud by Vivaldis - Natural Tick & Flea Spray for Dogs and Cats, Gentle on Skin, ensures Healthy Coat in Dogs & Cats 200ml"
2023,407-0900705-6153935,26-Oct-23,₹ 361.00,"Bark Out Loud, Vivaldis – Natural Spot On | Preventive Treatment for Fleas & Ticks | Enriched with 11 Essential Oils | Gentle on Skin, ensures Healthy Coat Dogs & Cat 1.5/3 /5 ml (3ml 10-30kg)"
2023,407-8992318-6445954,24-Oct-23,₹ 348.00,"Farmley Premium Date Bites Dry Fruit Barfi Healthy and Delicious Indian Sweets Gift Pack 200 gram | Made with Dates, Pistachios, Cashewnuts, Almonds, Honey and Pure Ghee"
2023,407-4541188-2971520,24-Oct-23,"₹ 1,179.54","Machak Crick Glass Water Bottle For Fridge 1 ltr (Red, 1)"
2023,407-2180360-5313954,24-Oct-23,₹ 399.00,"LTYNE Set of 3 Pillar Candles (Size: 2X2, 2X4, 2X6 Inch) Without Jar for Home Décor, Spa, Diwali, Christmas, Wedding, Party or Any Occasion (Green)"
2023,407-5697260-4718748,09-Oct-23,₹ 449.00,Whisper Ultra Clean Sanitary Pads for Women|50 thin Pads|XL+|Hygiene & Comfort|Soft Wings|Dry top sheet|Suitable for Heavy flow|Odour free|31.7 cm Long|With disposable wrap
2023,407-7935992-7540340,09-Sep-23,₹ 828.38,"3M Rodent Repellent Coating, Rat Repellent Spray, Prevents Rat Bites in Engine Parts and Wires, Highly Effective, Leak-Free, Easy-to-Spray, Bitter Taste, No Kill-only Repels (250g, Pack of 1)"
2023,407-5326500-1997968,09-Sep-23,₹ 319.00,Car Rat Protection Powder Car Sheild Rat Repellent Powder for Car (10 Gram) Pack of 5
2023,407-7182179-7561934,07-Sep-23,₹ 207.20,"Black Apple Flea Comb Pet Cat Dog Lice Comb Nit Remover Grooming Brush Tools to Treatment & Remove Fleas, Mites, Ticks, Dandruff Flakes - Stainless Steel Fine Teeth- Color May Vary"
2023,407-1104581-2843541,22-Aug-23,₹ 330.00,Girnar Food & Beverages Pvt. Ltd. Detox Green Tea - Desi Kahwa (36 Tea Bags) 90 gm
2023,407-2547974-3415559,22-Aug-23,₹ 499.00,IFB Descaling Drum Cleaning powder (pack of 10)
2023,171-4251951-1333968,27-Jun-23,₹ 375.00,"Ryme FengShui Convex/Pakwa Mirror/Safety Mirror for Removal of Outside Negative Energy 9 inches, Glass, Multicolour"
2023,407-3345406-5029963,18-Jun-23,₹ 229.00,"Lizol Disinfectant Surface & Floor Cleaner Liquid, Citrus - 625 ml (Pack of 2) | Suitable for All Floor Cleaner Mops | Kills 99.9% Germs| India's #1 Floor Cleaner"
2023,407-2139791-0034752,18-Jun-23,₹ 583.00,Dettol Liquid Handwash Refill - Original Hand Wash- 1500ml | Germ Defence Formula | 10x Better Germ Protection
2023,406-6901574-2838703,26-May-23,₹ 280.00,"LOXXO® Case for Redmi Note 8 Pro, Case Cover with Liquid Silicone, Comfortable Grip, Screen & Camera Protection, Velvety-Soft Lining, Shock-Absorbing for Redmi Note 8 Pro, Black"
2023,407-6204268-9356317,22-May-23,₹ 330.00,Girnar Food & Beverages Pvt. Ltd. Detox Green Tea - Desi Kahwa (36 Tea Bags) 90 gm
2023,407-1505013-5463532,22-May-23,₹ 799.00,NYALKARAN Shoe Organizer Stand Space Saver Shoe Storage Rack Double Layer Free Standing Shoe Slipper Stacker Shelf (Pack of 6) (Multicolor)
2023,407-3077205-9848325,16-May-23,"₹ 1,499.00",Amazon Prime (Yearly Membership)
2023,406-0107840-8405131,02-May-23,"₹ 2,426.85",Alan Truman Compact Blow Brush Black |1100 Watts| Dryer In The Form Of A Brush| A 6 in 1 Multistyler| Two Layered Bristles| 3 Tempeature & Speed Settings
2023,D01-1558157-1304658,Unknown Date,N/A,No Product Found
2023,407-6039613-9027564,30-Apr-23,₹ 395.00,"Thinking, Fast and Slow (Penguin Press Non-Fiction) [Paperback] Daniel Kahneman"
2023,407-2635320-5521920,18-Apr-23,₹ 799.00,"Destinio Umbrella for Women | Umbrella for Men | UV Coated 3 Fold Umberallas for Rain with Auto Open and Close (Teal Blue, 21 inch)"
2023,407-7334025-2909167,17-Apr-23,₹ 375.00,Tupperware Aqua-Slim Flip-top Water Bottle - 750Ml (Blue)
2023,407-3064605-2203565,14-Apr-23,₹ 375.00,Tupperware Aqua-Slim Flip-top Water Bottle - 750Ml (Blue)
2023,407-0520257-6082717,14-Apr-23,₹ 432.00,tupperware bottle cleaning brush (green)
2023,171-5803181-6102713,10-Apr-23,₹ 299.00,Pikkme Mi Redmi Note 5 Pro Flip Cover | PU Leather Finish | Carbon Pattern Magnetic Pouch | Wallet Style | Inbuilt Pockets & Stand | Flip Case (Black)
2023,407-6734698-0312313,06-Apr-23,"₹ 1,160.00",Girnar Green Tea Ginger (36 Tea Bags)
2023,407-9490881-2141941,03-Apr-23,₹ 400.00,"Bark Out Loud, Vivaldis – Natural Spot On | Preventive Treatment for Fleas & Ticks | Enriched with 11 Essential Oils | Gentle on Skin, ensures Healthy Coat Dogs & Cat 1.5/3 /5 ml (3ml 10-30kg)"
2023,407-3039737-7492322,29-Mar-23,₹ 198.00,"Bergo Heavy Duty Cable Lock Anti-Theft Safety Lock with 3 Keys for Helmet, Cycle,& Bicycle Pack-1 (Black)."
2023,407-3500400-4316328,08-Mar-23,"₹ 1,435.00","Lotus Professional Phyto Rx Skin Renewal Anti Ageing Night Cream, Natural, 50 g"
2023,407-9078120-8944316,06-Mar-23,₹ 357.00,ANCHOR by Panasonic 5219 6A Cherry Flecicord Socket 2 Pin 8M (White)
2023,407-1273559-1050727,15-Feb-23,₹ 229.00,MTR Wall Hanging Bathroom Storage Human Hook Rack Floating Wall Ledge Shelf Simple Wall Mounted Bookshelf Home Office Shelves
2023,407-0480659-7141930,08-Feb-23,₹ 854.05,"DEBIK ®| Seat Cushion Pillow for Office Chair - Memory Foam Firm Coccyx Pad - Tailbone, Sciatica, Lower Back Pain Relief - Contoured Posture Corrector for Car, Wheelchair, Computer and Desk Chair ( black grey )"
2023,407-3107354-3825155,07-Feb-23,₹ 299.00,Stylish German Silver Oxidised Choker Necklace With Black Thread For Girls And Women
2023,407-6600032-4157159,07-Feb-23,₹ 998.00,"ALSTONIA Handwoven Jute Natural Reversible Rugs Round Braided Floor Carpet Mat for Living Room, Bedroom, Dining, Office, Restaurant (3x5 feet, ALST04)"
2023,407-2822158-8055544,04-Feb-23,₹ 365.00,"GM 3206 GOn Mini 2 Pin Extension Cord 2.5 Mtr. with Indicator, Safety Shutter & 2 International Sockets"
2023,D01-2190390-5855020,Unknown Date,N/A,No Product Found
2023,407-3455683-2600314,17-Jan-23,"₹ 28,998.00","Durafit Strong 4 HP Peak DC Motor Treadmill with Max Speed 14 Km/Hr, Max User Weight 120 Kg, Manual Incline, LCD Display"
2023,407-8422949-7078719,16-Jan-23,₹ 292.00,"WIGGLES Dog Peanut Butter For All Life Stages, 200g - Dog Treats Healthy Peanut Butter - Honey, Olive Oil, Ashwagandha, Flaxseed, Rosemary Extract"
2023,407-4560907-4342731,16-Jan-23,₹ 569.00,"Qpets® 20CM Lick Mat for Dogs Cat, Food-Grade Silicone, Dog Food Mat with Suction Cup, Slow Feeding Mat, 7.9in, Perfect Use During Training, Bathing, Grooming(Square)"
2023,407-1798178-4441138,16-Jan-23,"₹ 2,314.00","Royal Canin Pellet Beagle Adult Dog Food, Meat Flavour, 3 KG"
2022,402-4188883-2523564,29-Dec-22,₹ 424.65,"L'Oréal Paris Semi-Permanent Hair Colour, Ammonia-Free Formula & Honey-Infused Conditioner, Glossy Finish, Casting Crème Gloss, Dark Brown 400, 87.5g+72ml"
2022,407-8282598-0305938,08-Dec-22,"₹ 2,999.00","Entros Premium Toilet Commode Seat Raiser Elevator 5 Inch with Adjustable Padded Armrests- SC-7060I | for Elongated or Standard Commode | CE & ISO Certified | for Handicap, Knee Patients, Old Senior Citizen"
2022,407-9294323-0170757,06-Dec-22,₹ 330.00,Girnar Food & Beverages Pvt. Ltd. Detox Green Tea - Desi Kahwa (36 Tea Bags) 90 gm
2022,407-5529579-0554752,29-Nov-22,₹ 975.00,Philips Hi113 1000-Watt Plastic Body Ptfe Coating Dry Iron
2022,407-3459774-6040324,23-Nov-22,₹ 690.00,Girnar Food & Beverages Pvt. Ltd. Detox Green Tea - Desi Kahwa (36 Tea Bags) 90 gm
2022,407-0603491-7703507,13-Nov-22,₹ 399.00,DOCTOR EXTRA SOFT House Slipper for Women's Ortho Care Dr Orthopaedic Super Comfort Fit Flat Cushion Chappal Flip Flop for Ladies OR D-19 Navy - 9 UK
2022,407-0218942-0035512,12-Nov-22,₹ 679.00,"Gala Spin Mop Extendable Handle/Stick Rod with Microfiber Refill (150750), White & Blue finish"
2022,407-8517304-4929101,04-Oct-22,"₹ 2,349.00","Royal Canin Pellet Beagle Adult Dog Food, Meat Flavour, 3 KG"
2022,407-9427880-3257109,24-Sep-22,₹ 299.00,Total Fashion Traditional German Silver Plated Oxidised Bangles Set for Women (Size 2.8)
2022,407-2548232-1669169,14-Sep-22,₹ 150.00,Gala 132760 Floor Brooming Dustpan (Color May Vary)
2022,407-9679797-6212360,06-Sep-22,₹ 445.00,AirCase Laptop Bag Sleeve Case Cover Pouch for 14.1-Inch Laptop for Men & Women Neoprene(Black)
2022,407-7037823-0933105,27-Aug-22,₹ 348.00,Girnar Detox Desi Kahwa Tea Bags - Set of 36
2022,171-7282712-8688361,29-Jul-22,"₹ 3,730.00",Fossil Analog Blue Dial Men's Watch-BQ2311
2022,407-5473960-1450702,13-Jul-22,₹ 599.00,PETVOGUE Comfort Step in Dog Harness Easy to Put on Small Dog Harness Choke Free Adjustable Pet Vest No Pull Outdoor Sport Vest Harness Reflective Soft Padded Vest for -Medium(Colour May Vary)
2022,407-4044034-8166760,13-Jul-22,₹ 565.00,"Meat Up Non-Toxic Rubber Stud Spike Hard Ball Chew Toy, Puppy/Dog Teething Toy - 3 inches"
2022,407-2775655-5664306,13-Jul-22,₹ 245.00,It ends with us with free Customize Bookmark
2022,408-4273708-9365900,20-Jun-22,₹ 0.00,"Color Stone Glossy Shiny Round Glass Pebbles for Fish Tank Aquarium Garden Home Outdoor Pathways Decoration (Tree Green, 1 Kg)"
2022,407-6739163-5709139,13-Jun-22,₹ 249.00,"HOKIPO Square Bamboo Coaster, Pan Pot Holder, 18 x 18 cm, 2 Piece Set"
2022,407-4876669-0266712,13-Jun-22,₹ 349.00,Cage for Home Decoration & Living Room with 2 Free Tea Light Candle Metal Wall Hanging(Black)
2022,407-2483160-5069162,13-Jun-22,₹ 472.00,Nexplora Industries Pvt. Ltd. Metal Decorative Umbrella Ladies Tealight Candle Holders Candle Stand Pack of 2
2022,407-1962711-8708342,13-Jun-22,₹ 199.00,"Color Stone Glossy Shiny Round Glass Pebbles for Fish Tank Aquarium Garden Home Outdoor Pathways Decoration (Tree Green, 1 Kg)"
2022,407-7750912-0545141,13-Jun-22,₹ 380.00,"CraftBug Crafts Wooden Round Tray | Serving Tray for Breakfast, Tea Serving, Table Décor | Serving Platters | Decorative Tray | Multipurpose Tray | Tray for Storage | Platter for Home and Kitchen 10 inch"
2022,171-4887917-7069107,03-Jun-22,"₹ 17,499.00","Redmi Note 11 Pro (Stealth Black, 6GB RAM, 128GB Storage) | 67W Turbo Charge | 120Hz Super AMOLED Display"
2022,407-8255419-3298754,28-May-22,₹ 490.00,"Whisper bindazzz Nights Pads For Women, XXX-Large Pack of 20 pads"
2022,407-6187507-0607536,28-May-22,₹ 407.00,"Whisper Ultra Clean Sanitary Pads For Women, X-Large +, Pack of 50 Napkins"
2022,407-8246408-7002717,21-May-22,"₹ 4,499.00","SATSHREE Store Solid Wooden X Shape Table with Mild Steel Frame Sofa Side Table Perfect for Indoor Use in The Dining Room, Living Room, Study Table, Office (Brown)."
2022,403-9137368-2695516,20-May-22,"₹ 1,499.00",Amazon Prime (Yearly Membership)
2022,407-4121017-6240313,08-May-22,₹ 440.61,Dabur Vedic Suraksha Green Tea - 100 tea bags : Immunity Booster with the Goodness of 5 Ayurvedic Herbs
2022,407-4145035-2358721,05-May-22,₹ 899.00,"REHTRAD Pack of 50 Pee Pads for Dogs，Pet and Puppy Training Pads，Water Proof Dog Pee pad- 45 x 60CM (Pack of 50, Super Absorbent: 45 x 60cm)"
2022,407-9937942-8281962,19-Apr-22,"₹ 1,599.00",ARTIFACTS'OCEAN Antique Natural Round Wood Coffee Table | Vintage Look Side Table | Brown PU Gloss Finish Wooden Top n Wrought Iron Removable Legs | LxBxH-13x13x18 inch
2022,405-4129530-9346716,06-Apr-22,₹ 230.00,Robodo MO16 Esp8266 Serial ESP 01 Wi-Fi Wireless Transceiver Module Iot
2022,405-2568839-7848333,06-Apr-22,₹ 262.00,"Silicon TechnoLabs LCD 16x2 Alphanumeric Display (JHD162A) for 8051, AVR, Arduino, PIC, ARM All (Yellow)"
2022,407-8781199-3360363,03-Apr-22,₹ 398.00,"Home Centre Door Mat (Black, Rubber, Standard)"
2022,407-0122324-8931572,31-Mar-22,₹ 512.00,"Harpic Disinfectant Toilet Cleaner Liquid, Original - 1 L (Pack of 2) | India's # 1 Toilet Cleaner"
2022,407-2167864-7479529,25-Mar-22,₹ 799.00,"Electomania Training Pad for Dogs, Cats and Puppies, Extra Absorbent Urine mats, Poop & Pee Trainer, Potty Pads, Pet & Puppy Peeing Toilet Trainer Mat (M 50Pcs, Blue 45 * 60cm)"
2022,407-0789350-7402716,23-Mar-22,₹ 150.00,Truvic Unisex Zipper Sunglass Hard Case (Black)
2022,407-9158260-9060365,19-Mar-22,"₹ 1,893.00",crocs Women's Black Flip-Flops-8 UK (W10) (Sexi)
2022,407-1349127-3037127,12-Mar-22,₹ 237.00,Boldfit N95 Mask For Men & Women. 5 Layer PM 0.3 Filtaration N95 Mask For Protection From Pollution Approved By Bureau Of Indian Standards & ISO Standards - Pack Of 3 (Black)
2022,407-8005891-3708319,28-Feb-22,₹ 290.00,OVEERA Fan Cleaning Brush with Long Rod |Fan Cleaning Duster |Microfiber Fan Cleaner |Dust Cleaning Brush for Home (Multicolor)
2022,407-0406025-9997161,28-Feb-22,₹ 910.00,"Royal Canin Mini Starter, 1 kg"
2022,407-1736925-2120366,13-Feb-22,₹ 799.00,"Electomania Training Pad for Dogs, Cats and Puppies, Extra Absorbent Urine mats, Poop & Pee Trainer, Potty Pads, Pet & Puppy Peeing Toilet Trainer Mat (M 50Pcs, Blue 45 * 60cm)"
2022,407-1743148-9997908,13-Feb-22,"₹ 2,989.00",Isle Locada By Hidesign Women's SLING BAG(BORDEX/MARSALA)
2022,407-5909554-1678710,29-Jan-22,₹ 799.00,Hermosa Plain Ceramic Vase Style Flower Pot Unbreakable Modern Table Flower Vase Round Neck Vase for Home Decor Living Room (White)
2022,407-6402117-1706749,29-Jan-22,₹ 799.00,"Hermosa Plastic Ceramic Style Minimalist Unbreakable Modern Geometric Large Origami Designer Flower Vase Round Neck Vase (White), M"
2022,407-5657509-1246760,29-Jan-22,₹ 316.00,"Fourwalls Beautiful Decorative Artificial Chrysanthemums Flower Bunch (45 cm Tall, 7 Heads, Red)"
2022,407-1801431-4423502,29-Jan-22,₹ 292.00,"SATYAM KRAFT Artificial Plant Big Palm Leaves for Home Decoration and Craft (Green, 6 Pieces, 40 cm)"
2022,407-5771383-2828368,26-Jan-22,"₹ 1,199.00","Home Trendz Bamboo, Wooden, Cane Shoe Rack,Slipper Stand,Utility Rack,Planter Stand, Bookshelf,Shelf for Home Kitchen, Rack for Office Files"
2022,407-8722896-4281935,03-Jan-22,₹ 199.00,Gala Floor T-Mop (143070)
2021,407-5822151-9541139,28-Dec-21,"₹ 3,123.00","Royal Canin Mini Puppy, 4 kg"
2021,407-7808779-4334769,24-Dec-21,"₹ 1,105.00",Lavie Extra Large Malnov Women's Tote Bag (Black)
2021,407-8314246-9261103,19-Dec-21,₹ 450.00,"fizzytech 40-Watts E27 LED Yellow Bulb, Pack of 1, B10"
2021,407-4865654-7223542,05-Dec-21,"₹ 2,326.50","FARMINA N&D Pumpkin Dry Dog Food, Grain-Free, Puppy Mini Breed, 2.5-kg, Lamb and Blueberry"
2021,407-0120827-7496318,05-Dec-21,"₹ 1,499.00","AmazonBasics Pet Training and Puppy Pads, Regular - 150-Count"
2021,407-5439207-0709104,19-Nov-21,₹ 460.00,"Pet Care International (PCI) Stop Chew Spray Dogs, Stop Dog Chewing Deterrent - Anti Chew Repellent Formula for Puppies & Cats | 100% Non-Toxic | (100ml)"
2021,407-3204749-0883517,16-Nov-21,₹ 477.00,No Product Found
2021,407-7582032-3850767,07-Nov-21,₹ 910.00,"Royal Canin Mini Starter, 1 kg"
2021,407-8095281-5371526,05-Oct-21,₹ 189.00,"SOBBY Microfiber Car Cleaning Towel 800 GSM (Set Of 1, Multicolour)"
2021,407-7814769-4205105,24-Sep-21,₹ 299.00,Simple Yet Elegant Oxidized German Silver Bangles for Girls & Women (Set of 2 Bangles) (2.8)
2021,407-6871717-4169141,24-Sep-21,₹ 323.98,ZIVOM Metal Stainless Steel Kada Bangle With Jhumki for Women (Oxidised Silver_22gm)
2021,407-5600399-7293109,24-Sep-21,₹ 319.00,True Elements Rolled Oats Naturally Gluten Free 1 kg - Breakfast Cereal
2021,407-7304805-3785962,10-Sep-21,"₹ 1,440.00","RICA Aloe Vera Hard Wax Beads,800g (28.2 oz)"
2021,407-6797903-2754726,21-Jul-21,₹ 477.00,Rupa Jon Mens's White Half Sleeves Vest Pack of 5 Pcs (Size-90) W.RNS
2021,407-8594573-3117937,04-Jul-21,"₹ 9,999.00","DeckUp Versa Book Shelf/Display and Storage Unit (Dark Wenge, Matte Finish)"
2021,407-5008306-8797161,13-Jun-21,₹ 249.00,Butterfly Premium Vegetable Chopper 600 ml Blue
2021,407-6474950-4045136,29-May-21,₹ 249.00,Preyans from Jaipur Mart Oxidised Kadaa for Women (Silver)(GSB13SLV)
2021,407-3717585-7707542,29-May-21,₹ 657.00,HIGH TRENDZ Oxidised Silver Metal Agate Gypsy Style Statement Chain Pendant for Women (Design-6)
2021,407-4452788-1584330,16-May-21,"₹ 1,249.00","Bhagya Cast Iron Cookware Pre Seasoned Dosa Tawa /12 inches/Seasoned ,Black,Flat Bottom Ready to use"
2021,407-2009053-1017920,26-Apr-21,₹ 688.00,"True Elements Quinoa 1kg - Breakfast Cereal, Quinoa Grain, Healthy Food, Gluten Free Quinoa"
2021,407-1458502-9997130,18-Apr-21,"₹ 1,499.00",Amazon Prime (Yearly Membership)
2021,407-4912514-2052344,13-Apr-21,"₹ 1,690.00",Vans Unisex Old Skool Black and White Sneakers - 7 UK/India (40.5 EU)
2021,407-7240352-9975502,03-Apr-21,₹ 329.00,"Simran Handicrafts Round Roman Wooden Clock, Wood Carving MDF Design Wall Clock, Perfect for Office, Classroom, Bedroom, Living Room, Restaurant,Hotel etc."
2021,405-8302639-7466707,14-Feb-21,₹ 721.00,ECO CRYSTAL Merit Nylon Water Softener for Washing Machine (Aqua)
2021,407-3114100-0590765,30-Jan-21,₹ 285.00,Anna Karenina (Penguin Classics)
2020,407-6073921-4933118,28-Dec-20,₹ 725.00,"Gauri International 100% Natural Aloe Vera Gel for Acne, Scars, Glowing & Radiant Skin (Non toxic), 230ml"
2020,407-0968589-2157120,28-Dec-20,₹ 549.00,JBL C100SI In-Ear Deep Bass Headphones with Mic (Black)
2020,407-1327077-0527526,12-Dec-20,₹ 808.00,"Dr. Morepen BG-03 Gluco One Glucometer Combo, 50 Strips (Multicolor)"
2020,407-0589876-9714716,09-Dec-20,₹ 364.00,"Godrej aer Twist, Car Air Freshener - Fresh Lush Green (45g)"
2020,407-4708539-6298742,06-Dec-20,₹ 479.00,"GoSale 3.1 Amp Dual USB Port Car Charger for Maruti Suzuki Baleno Zeta Car Charger | High Speed Rapid Fast Turbo Metal Android & Tablets Car Mobile Charger with Micro USB/Type-C Cable (KGM, Multi)"
2020,407-1459450-9692310,06-Dec-20,₹ 227.00,"Generic - MAT-Brush-ST2 Cleaning Brush, Duster with Hard and Long Bristles for Car Seat/Carpet/Mats (Multicolour) - 2 Pieces"
2020,407-6985635-7672364,06-Dec-20,₹ 948.00,A One Shoppe Wall Clock/Home Clock/Living Room Clock Wall Clock for Home/Living Room/Bedroom (Brown) 16 x16 (Brown) Multi Color
2020,407-9235387-9509954,05-Dec-20,₹ 599.00,"GreyWings Ceiling Hanging Pendent Light, Black, Cycle"
2020,407-5715350-8870712,22-Nov-20,₹ 949.00,"Treewud, Wooden Elegant Stool Office Stool Chair for Home Decor || 12 x 12 x 12 Inches || Brown"
2020,407-0512170-7008304,11-Oct-20,₹ 329.00,"Nayasa Strong Patla 516, Grey"
2020,407-1987471-1257149,23-Aug-20,₹ 308.00,True Elements Gluten Free Rolled Oats 1kg - Protein Rich Oats
2020,407-8759847-0153137,14-Aug-20,₹ 135.00,JAPP Plastic Rice Pulses Fruits Vegetable Noodles Pasta Washing Bowl and Strainer (Multicolour)
2020,407-5196856-6855544,14-Aug-20,₹ 702.00,"Harpic White and Shine Bleach, 500 ml"
2020,407-2590373-0097902,09-Aug-20,₹ 308.00,"Lizol Disinfectant Floor Cleaner Citrus, 2 L"
2020,407-6091506-4227554,07-Aug-20,"₹ 2,120.00",Hush Puppies Men's Mocca Zero G Black Leather Formal Shoes/India - 8 UK/India (42 EU)(8546724)
2020,407-1208439-2888365,26-Jul-20,₹ 371.27,"Lotus Herbals Whiteglow 3-In-1 Deep Cleansing Skin Whitening Facial Foam, 100g"
2020,407-0942306-8329123,26-Jul-20,₹ 116.00,"Biotique Bio Henna Leaf Fresh Texture Shampoo & Conditioner, 180 ml"
2020,407-0965667-2515503,24-Jul-20,₹ 761.00,"Cello Classic Perfect Posture Plastic Stool, Big, Grey"
2020,407-8332364-4557916,23-Jul-20,₹ 757.00,"Tupperware Square Refrigerator Container Keep Tab 520ml, 1.2L 2pc Each"
2020,407-6874774-8518742,19-Jul-20,₹ 779.00,Puma Men's Ketava III DP s Peacoat White Sandal- 8 UK (42 EU) (9 US) (4060979669536)
2020,407-9699323-9005923,19-Jul-20,"₹ 2,070.00",Green Gardenia Iron Plant Stand/Pot Stand (6 Pot Holder Black)
2020,407-0525345-3997914,18-Jul-20,"₹ 7,300.00",EFC HIGH Back MESH Office Chair(SIZE-20X18X43INCHS//COLOR-BLACK)
2020,407-3147277-4984350,17-Jul-20,₹ 299.00,True Elements Gluten Free Quinoa 1kg - Quinoa for Weight Loss
2020,407-5087367-6921905,16-Jul-20,₹ 249.00,"Kashi Surgicals Kitchen and Garden Reusable Rubber Stretchable Hand Gloves for Washing Cleaning (Random Colours), 2 Pairs"
2020,407-2125307-2127549,29-Jun-20,₹ 308.00,True Elements Gluten Free Rolled Oats 1kg - High Fibre Oats
2020,407-7626218-0989947,27-Jun-20,₹ 750.00,"Gauri International 100% Natural Aloe Vera Gel for Acne, Scars, Glowing & Radiant Skin (Non toxic), 230ml"
2020,407-8571958-9429150,27-Jun-20,₹ 755.00,Lux Cozi Men's Cotton Vest (Pack of 5) (8904209871442_COZI_WH_RNS_95_White)
2020,407-5085236-4895523,27-Jun-20,"₹ 1,538.00","Prestige Die Cast Plus Square Grill Pan, 280mm, Black"
2020,407-8691206-0495563,19-Jun-20,₹ 798.00,Mi Earphone Basic with Ultra deep bass and mic (Black)
2020,407-8930431-5591551,23-May-20,"₹ 7,300.00",EFC HIGH Back MESH Office Chair(SIZE-20X18X43INCHS//COLOR-BLACK)
2020,407-9553677-3695530,02-Apr-20,"₹ 1,499.00",Amazon Prime (Yearly Membership)
2020,407-1144697-1705118,15-Mar-20,₹ 549.00,"Story@Home 2 Piece Pillow Microfibre 16"" X 24"""
2020,407-1586726-0019564,06-Feb-20,₹ 305.00,Femora Carbonate Steel Double Wall Steel Tea Cup Coffee Mug with Steel Handle - 190 ML
2020,407-6250918-9239505,05-Jan-20,"₹ 1,319.00",Lavie Jana Women's Sling Bag (Red)
2020,407-3727060-9369143,05-Jan-20,₹ 266.00,"Neutrogena Deep Clean Blackhead Eliminating Daily Scrub, 100g"
2019,407-4637809-0737115,18-Dec-19,₹ 174.00,"Biotique Bio White Advanced Fairness Face Wash, 150ml"
2019,407-1799224-9909909,02-Dec-19,₹ 187.00,"Biotique Bio Gold Radiance Facial Kit, 65 g"
2019,407-3855625-1189946,27-Nov-19,"₹ 1,067.00",Catwalk Women's Tan Leather Fashion Sandals-9 UK/India (41 EU) (2272T)
2019,407-3686518-9209118,21-Oct-19,₹ 379.00,KINGLY Plain Jute Black Cushion Cover Set of 5 PICS 16X16 INCH
2019,407-7988903-2251547,14-Oct-19,₹ 247.00,"Neutrogena Deep Clean Blackhead Eliminating Daily Scrub, 100g"
2019,407-0274343-1246760,14-Oct-19,₹ 134.10,Home Centre Adlin Single Photo Frame - White
2019,407-3738045-3941908,06-Oct-19,₹ 549.00,"Rupa Men's Cotton Macroman Brief (Multi-Coloured,100 cm) - Pack of 5"
2019,407-4532112-1809131,03-Oct-19,₹ 899.00,Caprese Carolina Women's Sling Bag (Olive)
2019,407-7305916-2900344,28-Sep-19,₹ 622.00,Lavie Jeffrey Women's Sling Bag (Tan)
2019,407-6379304-3181918,28-Sep-19,N/A,Amazon Pay balance: Money
2019,407-7355670-0574710,28-Sep-19,₹ 424.65,"L'Oreal Paris Casting Creme Gloss Hair Color, Dark Brown 400, 87.5g+72ml"
2019,407-2415819-7357141,28-Sep-19,"₹ 12,729.00",MAMTA DECORATION Solid Rosewood/Sheesham Wood 3 Seater Sofa Cum Couch with Base Cushion (Walnut)
2019,407-3999521-8432363,19-Sep-19,₹ 314.00,"Wall Guru Cute Girl Wall Decal and Sticker (Vinyl, 80×59 cm, Black)"
2019,407-8876433-9498766,18-Sep-19,₹ 199.00,"Balloonistics Solid 16 Number Foil Balloon 17"" inch Balloon (Gold, Pack of 2)"
2019,407-6223763-6189927,14-Sep-19,₹ 529.00,Art Street Art Street - Jardin Bird Framed Art Print Set of 4 Black (10 x 10 inch)
2019,404-7309410-8466756,11-Sep-19,₹ 297.50,"Lakme Absolute Perfect Radiance Facial Kit, 8 g (Pack of 5)"
2019,407-9305717-4987561,08-Jul-19,₹ 229.00,"Story@Home Traditional Style Eco Series Cotton Blend 3 Piece Door Mat - 16""x24"", Multicolor"
2019,407-9072257-2594759,08-Jul-19,₹ 549.00,E-Retailer Waterproof 6 Seater Dinning Table Cover with Leather Touch and White Lace (for Size 54x78 inches)
2019,407-0377900-7591566,07-Jul-19,₹ 470.00,"Van Heusen Men's Cotton Trunks (Pack of 2) (8907670962565_10032_Large_Dark Navy, Grey Mel)"
2019,407-9147229-9233938,07-Jul-19,₹ 260.00,"Biotique Neem Purifying Wash, Transparent, 200 ml"
2019,407-5950211-1298765,07-Jul-19,₹ 154.00,"Lotus Herbals Whiteglow 3-In-1 Deep Cleansing Skin Whitening Facial Foam, 100g"
2019,407-5169063-3336344,03-Jul-19,₹ 413.00,"Casio FX-82MS Non-Programmable Scientific Calculator, 240 Functions"
2019,407-4945968-8218717,03-Jun-19,"₹ 4,591.00",Panasonic AC MX-AC300-H 1000-Watt Mixer Grinder with 3 Jars (Grey)
2019,407-3305677-8117110,20-May-19,₹ 268.00,"Neutrogena Deep Clean Blackhead Eliminating Daily Scrub, 100g"
2019,407-1645505-2513132,13-May-19,₹ 169.00,Shami Natural Coconut Leaf Grass Broom Stick (Teela/Nariyal Jhadu) - Pack of 2
2019,407-0112433-4190726,08-May-19,₹ 558.00,Whisper Ultra Clean Sanitary Pads - 44 Pieces (XL Plus)
2019,408-9503347-3883563,29-Apr-19,"₹ 1,499.00",Amazon Prime (Yearly Membership)
2019,407-6071973-3973924,28-Apr-19,"₹ 19,499.00","Redmi Note 7 Pro (Space Black, 64GB, 4GB RAM)"
2019,408-8886500-6117944,24-Apr-19,N/A,Amazon Pay balance: Money (Cash-load)
2019,408-7042327-3748349,23-Apr-19,N/A,Amazon Pay balance: Money (Cash-load)
2019,408-1444683-2848340,23-Apr-19,N/A,Amazon Pay balance: Money (Cash-load)
2019,408-8889720-9573920,22-Apr-19,N/A,Amazon Pay balance: Money (Cash-load)
2019,407-9403399-3375529,19-Apr-19,₹ 179.00,CHAND SURAJ Stainless Steel Stella Eco Friendly Soft Grass Floor Broom Stick (Multicolour)
2019,407-9131353-2189132,19-Apr-19,₹ 249.00,Chandan Product Clip N Fit Floor Mop with Refill Combo Set (Multicolor)
2019,407-6819583-2133923,19-Apr-19,₹ 515.00,"Jaypee plus Dispose all small Brown,5 L"
2019,407-6699876-2380344,19-Apr-19,₹ 588.00,Aristo Multipurpose Plastic Storage Bucket 32 Ltr (Blue)
2019,407-6025330-3610739,19-Apr-19,₹ 140.00,Gala 132760 Floor Brooming Dustpan (Color May Vary)
2019,407-5922582-4670752,19-Apr-19,₹ 121.00,Royals 20 meter PVC Coated Steel Anti-Rust Wire Rope Washing Line Clothesline with 2 Plastic Hooks (Multi Color)
2019,407-5366650-8063517,19-Apr-19,₹ 182.00,"Spotzero by Milton Double Side Normal Bristles Toilet Brush, Multicolor"
2019,407-1557553-9302715,19-Apr-19,₹ 540.00,"Nayasa Funk Plastic Bucket and Matching Mug (25 L, Brown)"
2019,407-1308534-6745121,19-Apr-19,₹ 915.00,Nayasa Funk 25 Ltr Bucket & Matching Mug - Black
2019,407-0913033-3841104,05-Mar-19,₹ 324.00,"Neutrogena Deep Clean Blackhead Eliminating Daily Scrub, 100g"
2019,407-0447315-5998745,05-Feb-19,"₹ 2,022.25",Scholl Men's Basic Thong Black Leather Hawaii Thong Sandals - 8 UK (8746887)
2019,407-6221720-8885904,23-Jan-19,₹ 395.00,"Lotus Professional Phyto Rx Whitening And Brightening Creme, SPF 25 PA+++, 50g"
2019,407-6341277-6525150,15-Jan-19,₹ 499.00,United Colors of Benetton Women's Red Slippers - 6 UK/India (40 EU)
2019,407-7419947-2309138,15-Jan-19,"₹ 1,960.00",Philips BHS386 Kera Shine Straightener (Purple)
2019,407-8046376-9511513,02-Jan-19,"₹ 2,098.00","Philips BHS386 Kera Shine Straightener, (Purple, PHP_00109)"
2018,407-4108012-5473134,30-Dec-18,₹ 156.00,"Zelenor Heel Anti Crack Set For Anti Chapped,Dry,Rough, Homythick, Crust [Free Size] For Men And Women (1 Pair)"
2018,407-1335481-8111526,24-Dec-18,₹ 649.00,"Butterfly Raga Non-Stick Aluminium Omni Tawa, 28 cm, Black"
2018,171-1750490-0145967,13-Dec-18,"₹ 1,361.00",LTETTES Beauty Lights Copper String LED Light 10 m 100 USB Operated Wire Decorative Lights (Warm White)
2018,171-0849387-8093933,01-May-18,"₹ 2,355.00",Havells Artemis 1200mm Fan (Brown)
2018,405-2214008-0416307,23-Mar-18,"₹ 1,394.00",Voylla Floral Green And Pink Cz Studded Necklace Set For Women
2018,405-7773258-7880311,14-Mar-18,"₹ 2,624.00",Voylla Traditional Gold Plated Necklace Set with CZ Studded For Women
2018,405-2168708-1301135,03-Mar-18,₹ 895.00,"Sasitrends CZ/AD Micro Gold Plated American Diamond Star Design Bangles For Women (Ruby, 2.6)"
2018,405-3656327-7203543,03-Mar-18,₹ 574.00,Voylla Gold Plated Pink CZ Swarnam Jhumka Earrings For Women
2018,403-0014018-6385166,15-Jan-18,"₹ 2,779.00",Panasonic SR-Y22FHS 750-Watt Automatic Electric Cooker with Non-stick Cooking Pan (Silver/Burgundy)
2017,171-7013372-6985951,30-Oct-17,"₹ 1,190.00","Prestige Omega Select Plus Non-Stick Paniyarakkal with Lid, 240 mm, Black"
2017,171-3668186-5461132,29-Oct-17,"₹ 7,239.00",Philips S7320/12 Aqua Touch Wet and Dry Electric Shaver with Aqua Tec Wet and Dry (Blue/White)
2017,403-8989562-3685167,12-Jan-17,₹ 998.00,Karigari Women's Straight Kurta (268423186_LT-GREEN_XL)
